Prix,Marque,Modele,Annee,Age,Kilometrage,Carburant,Boite_Vitesses,Puissance_Fiscale
30500.0,Peugeot,208,2018.0,7.0,80000.0,Essence,Manuelle,5.0
23000.0,Peugeot,107,2011.0,14.0,270.0,Essence,Manuelle,4.0
30500.0,Peugeot,208,2018.0,7.0,80000.0,Essence,Manuelle,5.0
75000.0,Peugeot,3008,2018.0,7.0,179000.0,Diesel,Automatique,6.0
25500.0,Peugeot,208,2016.0,9.0,160000.0,Essence,Manuelle,5.0
26000.0,Peugeot,508,2011.0,14.0,0.0,Diesel,Automatique,6.0
9000.0,Peugeot,207,2011.0,14.0,103000.0,Diesel,Manuelle,5.0
25000.0,Peugeot,308,2009.0,16.0,203000.0,Essence,Manuelle,6.0
26500.0,Peugeot,308,2008.0,17.0,195000.0,Essence,Automatique,5.0
30000.0,Peugeot,208,2015.0,10.0,113000.0,Essence,Manuelle,5.0
13000.0,Peugeot,Expert,2001.0,24.0,99999.0,Diesel,Manuelle,7.0
24800.0,Peugeot,Autres,2019.0,6.0,146000.0,Inconnu,Manuelle,5.0
11000.0,Peugeot,206,1998.0,27.0,280.0,Essence,Manuelle,4.0
30500.0,Peugeot,208,2018.0,7.0,80000.0,Essence,Manuelle,5.0
14500.0,Peugeot,Boxer,2007.0,18.0,14500.0,Diesel,Manuelle,7.0
23500.0,Peugeot,208,2017.0,8.0,113000.0,Essence,Manuelle,5.0
73000.0,Peugeot,3008,2021.0,4.0,220000.0,Essence,Automatique,7.0
18000.0,Peugeot,307,2003.0,22.0,430000.0,Diesel,Manuelle,8.0
23500.0,Peugeot,407,2009.0,16.0,400000.0,Diesel,Manuelle,6.0
45000.0,Peugeot,2008,2017.0,8.0,32500.0,Essence,Manuelle,5.0
39000.0,Peugeot,2008,2015.0,10.0,195000.0,Essence,Manuelle,5.0
17800.0,Peugeot,206,2003.0,22.0,200000.0,Essence,Manuelle,4.0
13000.0,Peugeot,106,1997.0,28.0,372893.0,Essence,Manuelle,5.0
28000.0,Peugeot,308,2025.0,0.0,141000.0,Essence,Manuelle,6.0
26300.0,Peugeot,208,2017.0,8.0,146.0,Essence,Manuelle,5.0
79000.0,Peugeot,3008,2021.0,4.0,145000.0,Diesel,Manuelle,7.0
37000.0,Peugeot,208,2022.0,3.0,58000.0,Essence,Manuelle,4.0
16000.0,Peugeot,206,2006.0,19.0,230000.0,Essence,Manuelle,5.0
32500.0,Peugeot,308,2011.0,14.0,76000.0,Essence,Manuelle,6.0
24000.0,Peugeot,107,2011.0,14.0,270.0,Essence,Manuelle,4.0
45000.0,Peugeot,208,2022.0,3.0,29000.0,Essence,Manuelle,4.0
23800.0,Peugeot,308,2011.0,14.0,317000.0,Essence,Manuelle,6.0
24000.0,Peugeot,207,2010.0,15.0,165000.0,Essence,Manuelle,6.0
31500.0,Peugeot,208,2020.0,5.0,80400.0,Essence,Manuelle,5.0
28000.0,Peugeot,308,2012.0,13.0,187000.0,Essence,Manuelle,6.0
42500.0,Peugeot,2008,2016.0,9.0,160000.0,Essence,Manuelle,5.0
88000.0,Peugeot,3008,2020.0,5.0,75500.0,Essence,Automatique,7.0
28000.0,Peugeot,207,2012.0,13.0,191000.0,Essence,Manuelle,5.0
62000.0,Peugeot,3008,2018.0,7.0,230000.0,Essence,Automatique,9.0
19700.0,Peugeot,206,2006.0,19.0,258000.0,Essence,Manuelle,5.0
27000.0,Peugeot,208,2017.0,8.0,129000.0,Essence,Manuelle,4.0
47900.0,Peugeot,Partner,2021.0,4.0,149000.0,Diesel,Manuelle,5.0
24300.0,Peugeot,Autres,2018.0,7.0,170000.0,Essence,Manuelle,5.0
123456.0,Peugeot,308,2010.0,15.0,200.0,Essence,Manuelle,6.0
23500.0,Peugeot,207,2009.0,16.0,245000.0,Essence,Manuelle,5.0
56000.0,Peugeot,2008,2020.0,5.0,104.0,Essence,Manuelle,6.0
57000.0,Peugeot,Expert,2020.0,5.0,68000.0,Diesel,Manuelle,5.0
24000.0,Peugeot,208,2013.0,12.0,210000.0,Essence,Manuelle,4.0
21000.0,Peugeot,407,2004.0,21.0,210000.0,Essence,Manuelle,6.0
42000.0,Peugeot,308,2017.0,8.0,30000.0,Essence,Manuelle,5.0
38000.0,Peugeot,308,2014.0,11.0,130000.0,Essence,Manuelle,5.0
29000.0,Peugeot,208,2018.0,7.0,44000.0,Essence,Manuelle,5.0
87000.0,Peugeot,3008,2022.0,3.0,167000.0,Diesel,Automatique,7.0
22800.0,Peugeot,207,2009.0,16.0,200.0,Diesel,Manuelle,5.0
22800.0,Peugeot,207,2009.0,16.0,200.0,Diesel,Manuelle,5.0
11900.0,Peugeot,206,2000.0,25.0,280.0,Essence,Manuelle,4.0
26800.0,Peugeot,Autres,2017.0,8.0,116000.0,Essence,Manuelle,5.0
44000.0,Peugeot,308,2016.0,9.0,145000.0,Diesel,Manuelle,6.0
25000.0,Peugeot,Autres,2013.0,12.0,105000.0,Essence,Manuelle,5.0
43000.0,Peugeot,5008,2016.0,9.0,250.0,Diesel,Manuelle,6.0
28500.0,Peugeot,207,2012.0,13.0,190000.0,Essence,Manuelle,5.0
25000.0,Peugeot,208,2016.0,9.0,150000.0,Essence,Automatique,5.0
13500.0,Peugeot,106,1997.0,28.0,0.0,Essence,Manuelle,4.0
46000.0,Peugeot,308,2016.0,9.0,150000.0,Diesel,Manuelle,6.0
84000.0,Peugeot,2008,2024.0,1.0,9000.0,Essence,Automatique,7.0
25000.0,Peugeot,208,2014.0,11.0,192000.0,Essence,Manuelle,5.0
130000.0,Peugeot,508,2021.0,4.0,190000.0,Diesel,Automatique,7.0
27500.0,Peugeot,Autres,2017.0,8.0,129000.0,Essence,Manuelle,5.0
22000.0,Peugeot,Partner,2003.0,22.0,0.0,Essence,Manuelle,6.0
43000.0,Peugeot,3008,2012.0,13.0,202000.0,Diesel,Manuelle,6.0
58000.0,Peugeot,Expert,2021.0,4.0,174000.0,Diesel,Manuelle,7.0
32000.0,Peugeot,308,2011.0,14.0,183000.0,Diesel,Manuelle,6.0
12000.0,Peugeot,106,1997.0,28.0,300.0,Essence,Manuelle,4.0
22000.0,Peugeot,206,2008.0,17.0,165416.0,Essence,Manuelle,6.0
37500.0,Peugeot,2008,2014.0,11.0,203000.0,Essence,Manuelle,5.0
6500.0,Peugeot,205,1999.0,26.0,330000.0,Essence,Manuelle,4.0
80000.0,Peugeot,Autres,2022.0,3.0,160.0,Diesel,Manuelle,6.0
28000.0,Peugeot,208,2016.0,9.0,150000.0,Essence,Manuelle,5.0
20000.0,Peugeot,407,2005.0,20.0,277.0,Essence,Manuelle,9.0
110000.0,Peugeot,5008,2018.0,7.0,110000.0,Diesel,Manuelle,7.0
130000.0,Peugeot,508,2021.0,4.0,125600.0,Hybride,Automatique,10.0
26000.0,Peugeot,208,2013.0,12.0,100000.0,Essence,Manuelle,5.0
50000.0,Peugeot,3008,2016.0,9.0,231000.0,Essence,Automatique,9.0
14500.0,Peugeot,206,2004.0,21.0,276000.0,Essence,Manuelle,4.0
8000.0,Peugeot,Autres,2017.0,8.0,450000.0,Diesel,Manuelle,5.0
48000.0,Peugeot,508,2013.0,12.0,220000.0,Diesel,Manuelle,7.0
50500.0,Peugeot,308,2019.0,6.0,144355.0,Diesel,Manuelle,6.0
68000.0,Peugeot,Autres,2018.0,7.0,190000.0,Diesel,Automatique,8.0
18000.0,Peugeot,Partner,2006.0,19.0,281000.0,Diesel,Manuelle,7.0
28500.0,Peugeot,208,2016.0,9.0,180000.0,Essence,Manuelle,5.0
27000.0,Peugeot,308,2010.0,15.0,235.0,Essence,Manuelle,6.0
7000.0,Peugeot,309,1991.0,34.0,300000.0,Essence,Manuelle,4.0
11000.0,Peugeot,306,1999.0,26.0,425000.0,Diesel,Manuelle,6.0
39000.0,Peugeot,208,2018.0,7.0,71000.0,Essence,Manuelle,5.0
7000.0,Peugeot,205,1995.0,30.0,3000.0,Diesel,Manuelle,5.0
19500.0,Peugeot,Partner,2014.0,11.0,1000.0,Essence,Manuelle,6.0
45000.0,Peugeot,2008,2017.0,8.0,123000.0,Essence,Manuelle,5.0
27000.0,Peugeot,208,2017.0,8.0,129000.0,Essence,Manuelle,4.0
1234.0,Peugeot,208,2016.0,9.0,150.0,Essence,Manuelle,5.0
19500.0,Peugeot,206,2011.0,14.0,217000.0,Essence,Manuelle,6.0
68500.0,Peugeot,3008,2019.0,6.0,104841.0,Essence,Automatique,9.0
17000.0,Peugeot,206,2010.0,15.0,250000.0,Essence,Manuelle,5.0
45000.0,Peugeot,Partner,2017.0,8.0,244000.0,Diesel,Manuelle,5.0
69500.0,Peugeot,3008,2017.0,8.0,248000.0,Diesel,Automatique,8.0
62000.0,Peugeot,3008,2019.0,6.0,190000.0,Essence,Automatique,7.0
19500.0,Peugeot,2008,2008.0,17.0,250000.0,Essence,Manuelle,6.0
34000.0,Peugeot,508,2013.0,12.0,170000.0,Essence,Automatique,7.0
15000.0,Peugeot,Partner,2002.0,23.0,400.0,Diesel,Manuelle,7.0
390000.0,Peugeot,208,2016.0,9.0,61000.0,Essence,Manuelle,5.0
20000.0,Peugeot,206,2008.0,17.0,1111.0,Essence,Manuelle,6.0
55000.0,Peugeot,Autres,2021.0,4.0,164000.0,Diesel,Manuelle,6.0
40000.0,Peugeot,Autres,2021.0,4.0,200000.0,Diesel,Manuelle,5.0
72000.0,Peugeot,Autres,2021.0,4.0,100000.0,Diesel,Manuelle,6.0
35000.0,Peugeot,208,2018.0,7.0,43000.0,Essence,Manuelle,5.0
1111.0,Peugeot,Partner,2020.0,5.0,63000.0,Diesel,Manuelle,6.0
23500.0,Peugeot,308,2011.0,14.0,380.0,Essence,Manuelle,6.0
12000.0,Peugeot,206,2001.0,24.0,300000.0,Diesel,Manuelle,5.0
62000.0,Peugeot,Expert,2020.0,5.0,190000.0,Diesel,Manuelle,6.0
35000.0,Peugeot,Partner,2013.0,12.0,290000.0,Diesel,Manuelle,5.0
24500.0,Peugeot,107,2012.0,13.0,169000.0,Essence,Manuelle,4.0
17800.0,Peugeot,206,2000.0,25.0,0.0,Essence,Manuelle,5.0
23800.0,Peugeot,407,2010.0,15.0,310000.0,Diesel,Manuelle,6.0
18000.0,Peugeot,307,2003.0,22.0,0.0,Diesel,Manuelle,8.0
27000.0,Peugeot,208,2013.0,12.0,132000.0,Essence,Manuelle,5.0
27000.0,Peugeot,207,2012.0,13.0,170000.0,Essence,Manuelle,5.0
80000.0,Peugeot,3008,2020.0,5.0,156000.0,Diesel,Manuelle,7.0
11500.0,Peugeot,106,1995.0,30.0,320.0,Essence,Manuelle,4.0
32300.0,Peugeot,508,2013.0,12.0,170000.0,Essence,Automatique,7.0
80000.0,Peugeot,3008,2021.0,4.0,141000.0,Diesel,Manuelle,7.0
25000.0,Peugeot,Bipper Tepee,2017.0,8.0,134.0,Diesel,Manuelle,5.0
25000.0,Peugeot,Bipper Tepee,2017.0,8.0,134.0,Diesel,Manuelle,5.0
38000.0,Peugeot,Partner,2020.0,5.0,197000.0,Diesel,Manuelle,5.0
24300.0,Peugeot,206,2011.0,14.0,201582.0,Essence,Manuelle,4.0
16500.0,Peugeot,Partner,2000.0,25.0,321000.0,Essence,Manuelle,5.0
15500.0,Peugeot,Partner,2025.0,0.0,0.0,Essence,Manuelle,6.0
21000.0,Peugeot,207,2008.0,17.0,230.0,Essence,Manuelle,6.0
32000.0,Peugeot,508,2015.0,10.0,236000.0,Essence,Automatique,9.0
31500.0,Peugeot,208,2020.0,5.0,125000.0,Essence,Manuelle,5.0
47000.0,Peugeot,308,2017.0,8.0,164000.0,Diesel,Manuelle,5.0
36500.0,Peugeot,308,2017.0,8.0,144000.0,Essence,Manuelle,5.0
45900.0,Peugeot,Partner,2021.0,4.0,101000.0,Diesel,Manuelle,5.0
21000.0,Peugeot,207,2007.0,18.0,190000.0,Essence,Manuelle,6.0
53000.0,Peugeot,Autres,2021.0,4.0,115000.0,Diesel,Manuelle,6.0
16000.0,Peugeot,Partner,2009.0,16.0,404000.0,Diesel,Manuelle,6.0
42000.0,Peugeot,Autres,2023.0,2.0,60000.0,Diesel,Manuelle,9.0
23000.0,Peugeot,208,2019.0,6.0,198000.0,Essence,Manuelle,5.0
30000.0,Peugeot,Autres,2018.0,7.0,105.0,Essence,Manuelle,5.0
76000.0,Peugeot,3008,2020.0,5.0,104000.0,Essence,Automatique,9.0
9000.0,Peugeot,106,2007.0,18.0,0.0,Essence,Manuelle,5.0
38000.0,Peugeot,3008,2012.0,13.0,157000.0,Essence,Manuelle,7.0
78000.0,Peugeot,3008,2019.0,6.0,185000.0,Essence,Automatique,9.0
23500.0,Peugeot,Expert,2008.0,17.0,360.0,Diesel,Manuelle,5.0
23500.0,Peugeot,Expert,2008.0,17.0,360.0,Diesel,Manuelle,5.0
56000.0,Peugeot,308,2019.0,6.0,150000.0,Diesel,Manuelle,5.0
30000.0,Peugeot,207,2011.0,14.0,110000.0,Essence,Manuelle,6.0
38000.0,Peugeot,2008,2017.0,8.0,168.0,Essence,Manuelle,5.0
27000.0,Peugeot,208,2015.0,10.0,170000.0,Essence,Manuelle,4.0
21000.0,Peugeot,206,2009.0,16.0,113000.0,Essence,Automatique,6.0
38000.0,Peugeot,Partner,2019.0,6.0,168000.0,Diesel,Manuelle,5.0
23200.0,Peugeot,Autres,2017.0,8.0,200.0,Essence,Manuelle,5.0
25000.0,Peugeot,307,2006.0,19.0,5000.0,Essence,Manuelle,6.0
29800.0,Peugeot,Bipper Tepee,2013.0,12.0,144000.0,Essence,Manuelle,5.0
27000.0,Peugeot,Bipper Tepee,2017.0,8.0,150.0,Diesel,Manuelle,6.0
26000.0,Peugeot,Autres,2016.0,9.0,179000.0,Essence,Manuelle,5.0
33600.0,Peugeot,208,2020.0,5.0,98500.0,Essence,Manuelle,4.0
75000.0,Peugeot,2008,2021.0,4.0,79800.0,Essence,Automatique,7.0
57000.0,Peugeot,Expert,2020.0,5.0,232000.0,Diesel,Manuelle,9.0
39000.0,Peugeot,Bipper Tepee,2016.0,9.0,210000.0,Essence,Manuelle,7.0
43000.0,Peugeot,Partner,2021.0,4.0,130000.0,Diesel,Manuelle,5.0
18500.0,Peugeot,206,2006.0,19.0,300.0,Essence,Manuelle,4.0
28000.0,Peugeot,207,2011.0,14.0,290.0,Diesel,Manuelle,5.0
27800.0,Peugeot,208,2015.0,10.0,156000.0,Essence,Manuelle,5.0
67000.0,Peugeot,308,2020.0,5.0,130000.0,Diesel,Manuelle,6.0
25500.0,Peugeot,107,2010.0,15.0,156000.0,Essence,Manuelle,4.0
22500.0,Peugeot,206,2011.0,14.0,178600.0,Essence,Manuelle,5.0
29000.0,Peugeot,208,2017.0,8.0,158000.0,Essence,Manuelle,4.0
25000.0,Peugeot,208,2018.0,7.0,180000.0,Essence,Manuelle,5.0
36000.0,Suzuki,Swift,2019.0,6.0,151000.0,Essence,Manuelle,5.0
32500.0,Suzuki,S-Presso,2023.0,2.0,46000.0,Essence,Manuelle,5.0
38500.0,Suzuki,Celerio,2023.0,2.0,35400.0,Essence,Manuelle,4.0
48000.0,Suzuki,Autres,2020.0,5.0,108000.0,Essence,Automatique,6.0
39000.0,Suzuki,Celerio,2023.0,2.0,30000.0,Essence,Manuelle,4.0
38500.0,Suzuki,Swift,2021.0,4.0,117000.0,Essence,Manuelle,5.0
34000.0,Suzuki,Swift,2018.0,7.0,170000.0,Essence,Manuelle,4.0
31500.0,Suzuki,Swift,2017.0,8.0,162.0,Essence,Manuelle,5.0
49500.0,Suzuki,Celerio,2024.0,1.0,20000.0,Essence,Automatique,4.0
33000.0,Suzuki,Swift,2019.0,6.0,178000.0,Essence,Manuelle,5.0
29990.0,Suzuki,Celerio,2020.0,5.0,90.0,Essence,Manuelle,4.0
35000.0,Suzuki,Swift,2022.0,3.0,112000.0,Essence,Manuelle,5.0
30000.0,Suzuki,Celerio,2020.0,5.0,126.0,Essence,Manuelle,4.0
37500.0,Suzuki,Celerio,2020.0,5.0,55000.0,Essence,Automatique,4.0
27200.0,Suzuki,Celerio,2018.0,7.0,101000.0,Essence,Manuelle,4.0
31500.0,Suzuki,Autres,2020.0,5.0,52000.0,Essence,Manuelle,4.0
34000.0,Suzuki,Autres,2022.0,3.0,45000.0,Essence,Manuelle,4.0
35000.0,Suzuki,Swift,2017.0,8.0,171000.0,Essence,Manuelle,5.0
31500.0,Suzuki,S-Presso,2021.0,4.0,78000.0,Essence,Manuelle,4.0
38000.0,Suzuki,Celerio,2023.0,2.0,24000.0,Essence,Manuelle,4.0
52000.0,Kia,Rio,2021.0,4.0,100000.0,Essence,Manuelle,5.0
38000.0,Kia,Rio,2017.0,8.0,153000.0,Essence,Manuelle,5.0
39500.0,Kia,Rio,2017.0,8.0,220000.0,Essence,Manuelle,5.0
49500.0,Kia,Rio,2022.0,3.0,81000.0,Essence,Manuelle,5.0
41000.0,Kia,Rio,2015.0,10.0,117000.0,Essence,Manuelle,5.0
34500.0,Kia,Rio,2013.0,12.0,135.0,Essence,Manuelle,5.0
36000.0,Kia,Rio,2014.0,11.0,256000.0,Essence,Manuelle,5.0
37500.0,Kia,Rio,2014.0,11.0,170.0,Essence,Manuelle,5.0
53500.0,Kia,Rio,2021.0,4.0,118000.0,Essence,Manuelle,5.0
64000.0,Kia,Rio,2021.0,4.0,34900.0,Essence,Manuelle,5.0
22000.0,Kia,Rio,2010.0,15.0,3000.0,Essence,Manuelle,6.0
46000.0,Kia,Rio,2019.0,6.0,150000.0,Essence,Manuelle,5.0
38000.0,Kia,Rio,2015.0,10.0,190000.0,Essence,Manuelle,5.0
24000.0,Kia,Rio,2011.0,14.0,230.0,Essence,Manuelle,6.0
34000.0,Kia,Rio,2012.0,13.0,190.0,Essence,Manuelle,5.0
49500.0,Kia,Rio,2020.0,5.0,50000.0,Essence,Manuelle,5.0
38500.0,Kia,Rio,2013.0,12.0,157.0,Essence,Manuelle,5.0
63000.0,Kia,Rio,2021.0,4.0,93000.0,Essence,Manuelle,5.0
62000.0,Kia,Rio,2022.0,3.0,71600.0,Essence,Manuelle,5.0
18500.0,Kia,Rio,2011.0,14.0,0.0,Diesel,Manuelle,6.0
52500.0,Kia,Rio,2019.0,6.0,70800.0,Essence,Manuelle,5.0
35700.0,Kia,Rio,2015.0,10.0,190000.0,Essence,Manuelle,4.0
40000.0,Kia,Rio,2017.0,8.0,165000.0,Essence,Manuelle,5.0
58500.0,Kia,Rio,2021.0,4.0,40000.0,Essence,Manuelle,4.0
63000.0,Kia,Rio,2022.0,3.0,67000.0,Essence,Manuelle,5.0
57000.0,Kia,Rio,2020.0,5.0,180000.0,Essence,Automatique,6.0
55000.0,Kia,Rio,2022.0,3.0,68000.0,Essence,Manuelle,5.0
65000.0,Kia,Rio,2023.0,2.0,6430.0,Essence,Manuelle,5.0
58500.0,Kia,Rio,2022.0,3.0,40000.0,Essence,Manuelle,5.0
19500.0,Kia,Rio,2010.0,15.0,321000.0,Essence,Manuelle,6.0
40000.0,Kia,Rio,2016.0,9.0,152000.0,Essence,Manuelle,5.0
44500.0,Kia,Rio,2020.0,5.0,194000.0,Essence,Automatique,6.0
45500.0,Kia,Rio,2020.0,5.0,204000.0,Essence,Manuelle,6.0
40500.0,Kia,Rio,2015.0,10.0,175000.0,Essence,Automatique,5.0
60500.0,Kia,Rio,2021.0,4.0,72000.0,Essence,Manuelle,5.0
64000.0,Kia,Rio,2022.0,3.0,75000.0,Essence,Manuelle,5.0
34500.0,Kia,Rio,2016.0,9.0,163000.0,Essence,Automatique,6.0
43000.0,Kia,Rio,2016.0,9.0,123000.0,Essence,Manuelle,5.0
70000.0,Kia,Rio,2023.0,2.0,36000.0,Essence,Manuelle,5.0
63900.0,Kia,Rio,2022.0,3.0,67600.0,Essence,Manuelle,5.0
37500.0,Kia,Rio,2016.0,9.0,237000.0,Essence,Manuelle,5.0
65000.0,Kia,Rio,2022.0,3.0,40000.0,Essence,Manuelle,5.0
22500.0,Dacia,Dokker,2014.0,11.0,250000.0,Diesel,Manuelle,6.0
75000.0,Dacia,Autre,2022.0,3.0,80000.0,Essence,Manuelle,5.0
40000.0,Dacia,Duster,2015.0,10.0,78000.0,Essence,Automatique,9.0
13000.0,Dacia,Logan,2011.0,14.0,300000.0,Diesel,Manuelle,5.0
36000.0,Dacia,Sandero,2015.0,10.0,190000.0,Essence,Manuelle,5.0
26900.0,Dacia,Dokker,2014.0,11.0,253000.0,Diesel,Manuelle,6.0
65000.0,Dacia,Duster,2021.0,4.0,177938.0,Diesel,Manuelle,6.0
35000.0,Dacia,Duster,2013.0,12.0,234214.0,Essence,Manuelle,7.0
36000.0,Dacia,Sandero,2021.0,4.0,130000.0,Essence,Manuelle,5.0
36500.0,Dacia,Sandero,2021.0,4.0,120000.0,Essence,Manuelle,5.0
62000.0,Dacia,Sandero,2023.0,2.0,19000.0,Essence,Automatique,6.0
60000.0,Dacia,Duster,2015.0,10.0,200.0,Diesel,Manuelle,6.0
24000.0,Dacia,Dokker,2016.0,9.0,340000.0,Diesel,Manuelle,6.0
14900.0,Dacia,Logan,2012.0,13.0,271000.0,Diesel,Manuelle,6.0
30000.0,Dacia,Dokker,2019.0,6.0,218000.0,Diesel,Manuelle,6.0
32000.0,Dacia,Dokker,2019.0,6.0,223000.0,Diesel,Manuelle,6.0
39000.0,Dacia,Duster,2012.0,13.0,212000.0,Diesel,Manuelle,5.0
39000.0,Dacia,Sandero,2017.0,8.0,137500.0,Essence,Manuelle,5.0
36500.0,Dacia,Duster,2014.0,11.0,200.0,Diesel,Manuelle,6.0
35000.0,Dacia,Sandero,2018.0,7.0,120.0,Essence,Manuelle,4.0
38000.0,Dacia,Sandero,2014.0,11.0,155000.0,Essence,Manuelle,5.0
12000.0,Dacia,Logan Mcv,2012.0,13.0,150000.0,Diesel,Manuelle,6.0
50000.0,Dacia,Sandero,2020.0,5.0,132000.0,Diesel,Manuelle,5.0
39000.0,Dacia,Logan Mcv,2018.0,7.0,174000.0,Essence,Manuelle,5.0
1234.0,Dacia,Dokker,2019.0,6.0,45000.0,Essence,Manuelle,6.0
32000.0,Dacia,Dokker,2020.0,5.0,190000.0,Diesel,Manuelle,6.0
22000.0,Dacia,Dokker,2016.0,9.0,260000.0,Diesel,Manuelle,5.0
28000.0,Dacia,Logan Mcv,2012.0,13.0,280000.0,Diesel,Manuelle,4.0
38000.0,VW,Jetta,2011.0,14.0,18000.0,Essence,Manuelle,7.0
45000.0,VW,Golf 6,2012.0,13.0,209000.0,Essence,Manuelle,5.0
32000.0,VW,Caddy,2013.0,12.0,200000.0,Essence,Manuelle,7.0
20000.0,VW,Passat,2007.0,18.0,220000.0,Essence,Automatique,12.0
35000.0,VW,Passat,2010.0,15.0,200000.0,Essence,Manuelle,6.0
72000.0,VW,Golf 7,2017.0,8.0,116000.0,Essence,Manuelle,6.0
40000.0,VW,Polo,2019.0,6.0,198000.0,Essence,Manuelle,4.0
62000.0,VW,Polo,2024.0,1.0,20000.0,Essence,Manuelle,6.0
43000.0,VW,Polo,2018.0,7.0,144000.0,Essence,Manuelle,4.0
43000.0,VW,Passat,2008.0,17.0,128000.0,Essence,Manuelle,7.0
43000.0,VW,Golf 7,2015.0,10.0,1000.0,Essence,Manuelle,6.0
24300.0,VW,Polo,2009.0,16.0,227000.0,Essence,Manuelle,4.0
13500.0,VW,Polo,1997.0,28.0,444.0,Essence,Manuelle,4.0
99000.0,VW,Tiguan,2017.0,8.0,88500.0,Essence,Automatique,8.0
32000.0,VW,Golf 6,2009.0,16.0,235000.0,Essence,Manuelle,5.0
125000.0,VW,Tiguan,2021.0,4.0,125000.0,Essence,Automatique,8.0
75000.0,VW,Golf,2017.0,8.0,102282.0,Essence,Manuelle,6.0
64000.0,VW,Golf,2017.0,8.0,97000.0,Essence,Automatique,6.0
43000.0,VW,Passat,2013.0,12.0,200000.0,Essence,Manuelle,9.0
22000.0,VW,Polo,2007.0,18.0,278000.0,Essence,Manuelle,4.0
48000.0,VW,Golf 7,2013.0,12.0,200000.0,Diesel,Manuelle,5.0
23500.0,VW,Caddy,2010.0,15.0,319000.0,Diesel,Manuelle,8.0
41000.0,VW,Golf 6,2010.0,15.0,298000.0,Essence,Manuelle,7.0
57000.0,VW,Golf,2016.0,9.0,146000.0,Diesel,Manuelle,5.0
29000.0,VW,Polo,2010.0,15.0,178000.0,Essence,Manuelle,4.0
72000.0,VW,Tiguan,2015.0,10.0,71000.0,Essence,Automatique,9.0
72000.0,VW,Golf,2017.0,8.0,92000.0,Essence,Manuelle,6.0
22500.0,VW,Polo,2007.0,18.0,278000.0,Essence,Manuelle,4.0
22500.0,VW,Polo,2007.0,18.0,277000.0,Essence,Manuelle,4.0
18500.0,VW,Polo,2003.0,22.0,300.0,Essence,Manuelle,4.0
36500.0,VW,Golf,2010.0,15.0,206101.0,Essence,Manuelle,7.0
19500.0,VW,Polo,2004.0,21.0,200.0,Essence,Manuelle,4.0
17500.0,VW,Polo,2005.0,20.0,12345.0,Essence,Manuelle,4.0
73000.0,VW,Tiguan,2015.0,10.0,128500.0,Essence,Automatique,9.0
39000.0,VW,Golf,2013.0,12.0,347000.0,Essence,Manuelle,5.0
33000.0,VW,Passat,2009.0,16.0,345000.0,Diesel,Manuelle,6.0
79000.0,VW,Passat Cc,2017.0,8.0,62000.0,Essence,Manuelle,7.0
30000.0,VW,Jetta,2009.0,16.0,400000.0,Essence,Manuelle,7.0
19000.0,VW,Polo,2005.0,20.0,285000.0,Essence,Manuelle,5.0
30000.0,VW,Golf 5,2008.0,17.0,280000.0,Essence,Manuelle,5.0
46000.0,VW,Golf,2013.0,12.0,278.0,Diesel,Manuelle,5.0
45000.0,VW,Passat,2009.0,16.0,240000.0,Diesel,Automatique,8.0
32000.0,VW,Jetta,2008.0,17.0,272000.0,Essence,Manuelle,7.0
119000.0,VW,Golf 8,2023.0,2.0,30000.0,Essence,Manuelle,7.0
14000.0,VW,Caddy,2002.0,23.0,250000.0,Diesel,Manuelle,8.0
75000.0,VW,Tiguan,2015.0,10.0,128500.0,Essence,Automatique,9.0
145000.0,VW,Tiguan,2022.0,3.0,89280.0,Hybride,Automatique,8.0
27500.0,VW,Golf 5,2004.0,21.0,2600.0,Diesel,Manuelle,6.0
27580.0,VW,Golf 5,2004.0,21.0,2800.0,Diesel,Manuelle,6.0
32000.0,VW,Jetta,2008.0,17.0,272000.0,Essence,Manuelle,7.0
95800.0,VW,Tiguan,2018.0,7.0,113.0,Essence,Automatique,8.0
75000.0,VW,Tiguan,2015.0,10.0,128500.0,Essence,Automatique,9.0
82000.0,VW,Cc,2019.0,6.0,81000.0,Essence,Manuelle,6.0
42000.0,VW,Passat,2013.0,12.0,236000.0,Diesel,Manuelle,7.0
25000.0,VW,Passat,2005.0,20.0,280.0,Essence,Manuelle,7.0
8500.0,VW,Polo,1998.0,27.0,400000.0,Essence,Manuelle,5.0
120000.0,VW,Passat,2020.0,5.0,90000.0,Hybride,Automatique,8.0
55000.0,VW,Amarok,2012.0,13.0,292000.0,Diesel,Manuelle,8.0
12300.0,VW,Caddy,2000.0,25.0,400.0,Diesel,Manuelle,8.0
19500.0,VW,Polo,2004.0,21.0,200.0,Essence,Manuelle,4.0
60000.0,VW,Passat,2014.0,11.0,152650.0,Diesel,Manuelle,5.0
60000.0,VW,Golf,2015.0,10.0,250.0,Diesel,Manuelle,7.0
35000.0,VW,Polo,2016.0,9.0,220000.0,Essence,Manuelle,4.0
37000.0,VW,Golf,2011.0,14.0,267000.0,Essence,Manuelle,7.0
10300.0,VW,Golf,1990.0,35.0,228532.0,Diesel,Manuelle,4.0
59000.0,VW,Golf,2018.0,7.0,177000.0,Essence,Automatique,6.0
68000.0,VW,Golf 7,2021.0,4.0,78000.0,Essence,Automatique,6.0
27600.0,VW,Golf,2008.0,17.0,320.0,Diesel,Manuelle,6.0
15500.0,VW,Polo,2004.0,21.0,345.0,Essence,Manuelle,4.0
75000.0,VW,Tiguan,2015.0,10.0,68000.0,Essence,Automatique,9.0
59000.0,VW,Passat Cc,2015.0,10.0,230000.0,Essence,Automatique,9.0
24600.0,VW,Polo,2010.0,15.0,263860.0,Essence,Manuelle,4.0
45000.0,VW,Golf,2013.0,12.0,325000.0,Essence,Manuelle,5.0
16500.0,VW,Polo,2001.0,24.0,250000.0,Essence,Manuelle,4.0
70000.0,VW,Tiguan,2014.0,11.0,185800.0,Diesel,Automatique,8.0
76000.0,VW,Golf 8,2021.0,4.0,97000.0,Essence,Automatique,6.0
28500.0,VW,Polo,2012.0,13.0,226000.0,Essence,Manuelle,5.0
11500.0,VW,Polo,1995.0,30.0,111111.0,Essence,Manuelle,5.0
19000.0,VW,Polo,2009.0,16.0,243000.0,Essence,Manuelle,5.0
1234.0,VW,Caddy,2020.0,5.0,222.0,Diesel,Manuelle,7.0
40000.0,VW,Golf,2010.0,15.0,209000.0,Essence,Automatique,7.0
53000.0,VW,Polo,2017.0,8.0,60000.0,Essence,Manuelle,5.0
10000.0,VW,Polo,1999.0,26.0,200000.0,Essence,Manuelle,5.0
45000.0,VW,Golf,2013.0,12.0,178000.0,Essence,Manuelle,5.0
55000.0,VW,Amarok,2011.0,14.0,225000.0,Diesel,Automatique,8.0
55000.0,VW,Amarok,2011.0,14.0,225000.0,Diesel,Automatique,8.0
47000.0,VW,Golf 7,2013.0,12.0,177500.0,Essence,Manuelle,5.0
19500.0,VW,Golf,1999.0,26.0,267000.0,Essence,Manuelle,5.0
44000.0,VW,Polo,2021.0,4.0,167000.0,Essence,Manuelle,5.0
79500.0,VW,Golf,2020.0,5.0,93000.0,Essence,Manuelle,6.0
28900.0,VW,Passat,2006.0,19.0,240000.0,Diesel,Manuelle,6.0
42000.0,VW,Passat,2009.0,16.0,304000.0,Diesel,Manuelle,6.0
54000.0,VW,Transporter,2015.0,10.0,222000.0,Diesel,Manuelle,7.0
103000.0,VW,Golf 8,2020.0,5.0,76700.0,Essence,Manuelle,8.0
65000.0,VW,Amarok,2012.0,13.0,263000.0,Diesel,Manuelle,8.0
67000.0,VW,Golf 7,2018.0,7.0,84000.0,Essence,Manuelle,6.0
65000.0,VW,Polo,2021.0,4.0,200000.0,Diesel,Manuelle,5.0
13000.0,VW,Polo,2002.0,23.0,187000.0,Essence,Manuelle,5.0
42500.0,VW,Caddy,2020.0,5.0,213000.0,Diesel,Manuelle,6.0
23700.0,VW,Polo,2008.0,17.0,270.0,Essence,Manuelle,5.0
54000.0,VW,Golf 7,2014.0,11.0,240.0,Essence,Manuelle,5.0
5800.0,VW,Polo,1995.0,30.0,100000.0,Essence,Manuelle,5.0
42000.0,VW,Jetta,2013.0,12.0,220000.0,Essence,Manuelle,6.0
9400.0,VW,Golf,1995.0,30.0,135000.0,Essence,Manuelle,5.0
37000.0,VW,Polo,2015.0,10.0,98000.0,Essence,Manuelle,4.0
45000.0,VW,Polo,2022.0,3.0,158000.0,Essence,Manuelle,4.0
1111.0,VW,Touareg,2021.0,4.0,160000.0,Diesel,Manuelle,6.0
32500.0,VW,Polo,2011.0,14.0,210000.0,Essence,Manuelle,5.0
34000.0,VW,Passat,2006.0,19.0,147000.0,Essence,Automatique,10.0
25500.0,VW,Polo,2007.0,18.0,243000.0,Essence,Manuelle,5.0
35800.0,VW,Golf 6,2010.0,15.0,340.0,Diesel,Manuelle,5.0
79000.0,VW,Tiguan,2014.0,11.0,119000.0,Diesel,Automatique,8.0
77000.0,VW,Golf 7,2018.0,7.0,118000.0,Essence,Manuelle,5.0
25500.0,VW,Polo,2010.0,15.0,231619.0,Essence,Manuelle,4.0
42000.0,VW,Golf,2010.0,15.0,180000.0,Essence,Manuelle,5.0
56000.0,VW,Golf 7,2017.0,8.0,259000.0,Essence,Manuelle,5.0
28000.0,VW,Golf,2006.0,19.0,320000.0,Essence,Manuelle,5.0
32000.0,VW,Polo,2014.0,11.0,190000.0,Essence,Manuelle,5.0
32000.0,VW,Passat,2011.0,14.0,320000.0,Essence,Manuelle,7.0
95000.0,VW,Golf,2021.0,4.0,42300.0,Essence,Manuelle,6.0
11000.0,VW,Tiguan,1987.0,38.0,178000.0,Diesel,Manuelle,6.0
23000.0,VW,Caddy,2005.0,20.0,1.0,Diesel,Manuelle,6.0
32000.0,VW,Jetta,2008.0,17.0,208732.0,Essence,Manuelle,7.0
12345.0,VW,Golf 6,2011.0,14.0,216.0,Diesel,Manuelle,5.0
34500.0,VW,Polo,2015.0,10.0,150.0,Essence,Manuelle,4.0
47500.0,VW,Golf,2014.0,11.0,188000.0,Essence,Manuelle,5.0
1234.0,VW,Passat,2019.0,6.0,15000.0,Essence,Manuelle,7.0
1234.0,VW,Golf,2021.0,4.0,70000.0,Essence,Automatique,8.0
29000.0,VW,Golf,2011.0,14.0,200.0,Essence,Manuelle,6.0
23000.0,VW,Beetle,2003.0,22.0,292000.0,Diesel,Manuelle,5.0
43000.0,VW,Passat,2010.0,15.0,151000.0,Essence,Automatique,9.0
31700.0,VW,Polo,2012.0,13.0,189.0,Essence,Manuelle,5.0
28000.0,VW,Touran,2006.0,19.0,278.0,Essence,Manuelle,7.0
72000.0,VW,Passat,2016.0,9.0,137880.0,Diesel,Manuelle,6.0
64000.0,VW,Golf,2019.0,6.0,175000.0,Essence,Automatique,6.0
42000.0,VW,Jetta,2011.0,14.0,195.0,Diesel,Manuelle,5.0
32000.0,VW,Polo,2012.0,13.0,153000.0,Essence,Manuelle,4.0
30000.0,VW,Polo,2012.0,13.0,230000.0,Essence,Manuelle,5.0
57000.0,VW,Amarok,2011.0,14.0,230000.0,Diesel,Manuelle,7.0
13000.0,VW,Golf,2000.0,25.0,281000.0,Essence,Manuelle,6.0
85000.0,Land Rover,Evoque,2013.0,12.0,165000.0,Essence,Automatique,11.0
200000.0,Land Rover,Evoque,2021.0,4.0,15000.0,Diesel,Manuelle,8.0
187000.0,Land Rover,Range Rover Sport,2016.0,9.0,135000.0,Diesel,Automatique,20.0
270000.0,Land Rover,Range Rover,2017.0,8.0,118000.0,Diesel,Automatique,6.0
35000.0,Land Rover,Discovery,1999.0,26.0,289000.0,Diesel,Automatique,10.0
130000.0,Land Rover,Evoque,2016.0,9.0,165000.0,Diesel,Automatique,9.0
1234.0,Land Rover,Range Rover,2015.0,10.0,11000.0,Essence,Automatique,20.0
95000.0,Land Rover,Evoque,2014.0,11.0,230000.0,Essence,Automatique,15.0
94000.0,Land Rover,Evoque,2016.0,9.0,178000.0,Diesel,Automatique,8.0
125000.0,Land Rover,Evoque,2019.0,6.0,170000.0,Diesel,Automatique,10.0
187000.0,Land Rover,Evoque,2020.0,5.0,70000.0,Diesel,Automatique,14.0
30000.0,Citroen,C5,2011.0,14.0,290000.0,Diesel,Manuelle,6.0
57000.0,Citroen,Jumpy,2020.0,5.0,120000.0,Diesel,Manuelle,6.0
36000.0,Citroen,C3,2018.0,7.0,94000.0,Essence,Manuelle,4.0
32000.0,Citroen,Berlingo,2012.0,13.0,267.0,Diesel,Manuelle,5.0
30000.0,Citroen,C1,2018.0,7.0,90000.0,Essence,Manuelle,4.0
24000.0,Citroen,Jumpy,2010.0,15.0,314000.0,Diesel,Manuelle,7.0
18000.0,Citroen,C3,2010.0,15.0,18000.0,Essence,Manuelle,5.0
57000.0,Citroen,Jumpy,2020.0,5.0,120000.0,Diesel,Manuelle,6.0
24000.0,Citroen,Autre,2017.0,8.0,129000.0,Essence,Automatique,5.0
22000.0,Citroen,C3,2004.0,21.0,199000.0,Essence,Manuelle,4.0
20000.0,Citroen,C3,2006.0,19.0,190000.0,Essence,Manuelle,4.0
28500.0,Citroen,C3 Picasso,2010.0,15.0,296000.0,Essence,Manuelle,6.0
25000.0,Citroen,Autre,2018.0,7.0,174000.0,Essence,Manuelle,5.0
32000.0,Citroen,C4,2014.0,11.0,140000.0,Essence,Manuelle,6.0
49500.0,Citroen,C3,2021.0,4.0,122000.0,Diesel,Manuelle,5.0
7900.0,Citroen,Zx,1997.0,28.0,376000.0,Essence,Manuelle,5.0
25000.0,Citroen,C4,2014.0,11.0,200000.0,Essence,Manuelle,6.0
30500.0,Citroen,C4,2013.0,12.0,224000.0,Essence,Manuelle,5.0
55000.0,Citroen,Jumpy,2017.0,8.0,247000.0,Diesel,Manuelle,7.0
46500.0,Citroen,Autre,2021.0,4.0,159000.0,Diesel,Manuelle,4.0
29000.0,Citroen,Autre,2016.0,9.0,190000.0,Essence,Manuelle,5.0
1111.0,Citroen,C4,2009.0,16.0,400000.0,Diesel,Manuelle,5.0
45000.0,Citroen,C3,2024.0,1.0,19500.0,Essence,Manuelle,4.0
23000.0,Citroen,C3,2003.0,22.0,207000.0,Essence,Manuelle,5.0
28000.0,Citroen,C4,2008.0,17.0,252000.0,Essence,Automatique,7.0
36500.0,Citroen,C3,2020.0,5.0,58000.0,Essence,Manuelle,4.0
25500.0,Citroen,C3 Ii,2012.0,13.0,265000.0,Essence,Manuelle,5.0
12500.0,Citroen,Berlingo,2002.0,23.0,300.0,Diesel,Manuelle,8.0
37500.0,Citroen,C4 Ii,2018.0,7.0,111000.0,Essence,Manuelle,6.0
25000.0,Citroen,Jumpy,2015.0,10.0,442000.0,Diesel,Manuelle,5.0
24000.0,Citroen,C4 Picasso,2009.0,16.0,318000.0,Diesel,Automatique,6.0
5300.0,Citroen,Ax,1989.0,36.0,300000.0,Essence,Manuelle,4.0
6000.0,Citroen,C15,1992.0,33.0,25.0,Diesel,Manuelle,6.0
65000.0,Citroen,C4 Picasso Ii,2014.0,11.0,230000.0,Diesel,Manuelle,6.0
55000.0,Citroen,C3,2021.0,4.0,140000.0,Diesel,Manuelle,5.0
20000.0,Citroen,C3,2008.0,17.0,277.0,Essence,Manuelle,4.0
32000.0,Citroen,C4 Ii,2014.0,11.0,156000.0,Essence,Manuelle,6.0
29500.0,Citroen,C5,2011.0,14.0,210000.0,Essence,Automatique,9.0
25000.0,Citroen,Ds4,2012.0,13.0,196952.0,Diesel,Manuelle,6.0
38000.0,Citroen,C3,2019.0,6.0,105000.0,Essence,Automatique,6.0
28000.0,Citroen,Autre,2013.0,12.0,181000.0,Essence,Manuelle,4.0
39000.0,Citroen,C4 Cactus,2018.0,7.0,80.0,Essence,Manuelle,5.0
11500.0,Citroen,Saxo,1999.0,26.0,300.0,Essence,Manuelle,5.0
35000.0,Citroen,C4,2018.0,7.0,10000.0,Essence,Automatique,7.0
20000.0,Citroen,C3,2009.0,16.0,157000.0,Essence,Manuelle,4.0
29000.0,Citroen,C4,2012.0,13.0,0.0,Essence,Manuelle,6.0
210000.0,Citroen,C3,2009.0,16.0,157000.0,Essence,Manuelle,4.0
210000.0,Citroen,C3,2009.0,16.0,157000.0,Essence,Manuelle,4.0
21000.0,Citroen,C3,2009.0,16.0,150000.0,Essence,Manuelle,4.0
42000.0,Citroen,Ds5,2015.0,10.0,152000.0,Essence,Automatique,9.0
31500.0,Citroen,Berlingo,2015.0,10.0,295999.0,Diesel,Manuelle,5.0
40000.0,Citroen,C3,2019.0,6.0,100000.0,Essence,Manuelle,4.0
50000.0,Citroen,Berlingo,2022.0,3.0,100000.0,Diesel,Manuelle,5.0
17000.0,Citroen,C4,2008.0,17.0,280.0,Diesel,Manuelle,6.0
65000.0,Citroen,Jumper,2019.0,6.0,160.0,Diesel,Manuelle,9.0
58000.0,Citroen,Berlingo,2021.0,4.0,90000.0,Diesel,Manuelle,5.0
47000.0,Citroen,C4 Cactus,2020.0,5.0,125000.0,Essence,Manuelle,6.0
25000.0,Citroen,C5 Ii,2009.0,16.0,342000.0,Diesel,Manuelle,6.0
370000.0,Citroen,C3,2019.0,6.0,85000.0,Essence,Manuelle,4.0
45000.0,Citroen,C5 Tourer,2016.0,9.0,217000.0,Diesel,Manuelle,7.0
30000.0,Citroen,C4,2014.0,11.0,260000.0,Essence,Manuelle,6.0
35800.0,Citroen,C3,2019.0,6.0,116000.0,Essence,Manuelle,4.0
27000.0,Citroen,C4,2012.0,13.0,241000.0,Essence,Manuelle,6.0
33500.0,Citroen,C3 Ii,2019.0,6.0,117369.0,Essence,Manuelle,4.0
27500.0,Citroen,C4,2013.0,12.0,185000.0,Essence,Manuelle,6.0
34000.0,Citroen,Berlingo,2016.0,9.0,239000.0,Diesel,Manuelle,5.0
27500.0,Citroen,Ds3,2011.0,14.0,223000.0,Essence,Manuelle,5.0
26500.0,Citroen,C3,2011.0,14.0,230000.0,Essence,Manuelle,5.0
11000.0,Citroen,Zx,1997.0,28.0,400000.0,Essence,Manuelle,5.0
42000.0,Citroen,Berlingo Ii,2022.0,3.0,177000.0,Diesel,Manuelle,5.0
27800.0,Citroen,C3,2010.0,15.0,179000.0,Essence,Manuelle,5.0
36000.0,Citroen,Ds3,2015.0,10.0,110.0,Essence,Manuelle,5.0
21000.0,Citroen,C4,2006.0,19.0,0.0,Essence,Manuelle,6.0
26000.0,Citroen,Autre,2016.0,9.0,250000.0,Essence,Manuelle,5.0
47000.0,Citroen,Berlingo,2020.0,5.0,170000.0,Diesel,Manuelle,4.0
30500.0,Citroen,C4,2012.0,13.0,300.0,Diesel,Manuelle,5.0
33000.0,Citroen,C3,2017.0,8.0,92000.0,Essence,Manuelle,4.0
31000.0,Citroen,C3,2011.0,14.0,150000.0,Essence,Manuelle,5.0
27500.0,Citroen,C5,2010.0,15.0,178000.0,Essence,Automatique,9.0
40000.0,Citroen,C5,2012.0,13.0,310000.0,Diesel,Manuelle,6.0
33000.0,Citroen,Ds3,2014.0,11.0,119000.0,Essence,Manuelle,5.0
42700.0,Citroen,Berlingo,2016.0,9.0,203.0,Diesel,Manuelle,5.0
21000.0,Citroen,C4,2006.0,19.0,0.0,Essence,Manuelle,6.0
57000.0,Citroen,Berlingo,2016.0,9.0,215000.0,Diesel,Manuelle,10.0
30000.0,Citroen,C4,2012.0,13.0,193000.0,Essence,Manuelle,6.0
1233.0,Citroen,Berlingo,2021.0,4.0,120000.0,Diesel,Manuelle,6.0
24000.0,Citroen,Nemo,2017.0,8.0,175000.0,Diesel,Manuelle,5.0
27500.0,Citroen,C3 Ii,2013.0,12.0,146000.0,Essence,Manuelle,5.0
13500.0,Fiat,Punto,2016.0,9.0,150000.0,GPL,Manuelle,4.0
13000.0,Fiat,Punto,1996.0,29.0,0.0,Essence,Manuelle,4.0
37000.0,Fiat,Panda,2022.0,3.0,130000.0,Essence,Manuelle,4.0
31000.0,Fiat,Fiorino,2022.0,3.0,190000.0,Diesel,Manuelle,5.0
23000.0,Fiat,Grande Punto,2009.0,16.0,310000.0,Essence,Manuelle,5.0
19000.0,Fiat,Autre,2015.0,10.0,270.0,Essence,Manuelle,5.0
19000.0,Fiat,Autre,2000.0,25.0,270.0,Essence,Manuelle,5.0
9800.0,Fiat,Tipo,2000.0,25.0,300000.0,Essence,Manuelle,4.0
24000.0,Fiat,Grande Punto,2010.0,15.0,291.0,Essence,Manuelle,5.0
24000.0,Fiat,Grande Punto,2010.0,15.0,291000.0,Essence,Manuelle,5.0
12000.0,Fiat,Punto,2003.0,22.0,290000.0,Essence,Manuelle,5.0
25500.0,Fiat,Panda,2012.0,13.0,180.0,Essence,Manuelle,4.0
33000.0,Fiat,Freemont,2012.0,13.0,228000.0,Diesel,Manuelle,8.0
10500.0,Fiat,Palio Weekend,2000.0,25.0,270000.0,Essence,Manuelle,4.0
53000.0,Fiat,500,2021.0,4.0,37000.0,Essence,Automatique,4.0
32000.0,Fiat,Fiorino,2018.0,7.0,150000.0,Diesel,Manuelle,5.0
16300.0,Fiat,Autre,2004.0,21.0,290000.0,Essence,Manuelle,6.0
12000.0,Fiat,Palio Weekend,2000.0,25.0,270000.0,Essence,Manuelle,4.0
29000.0,Fiat,Grande Punto,2016.0,9.0,131600.0,Essence,Manuelle,4.0
29000.0,Fiat,Grande Punto,2016.0,9.0,131500.0,Essence,Manuelle,4.0
34000.0,Fiat,Doblo,2020.0,5.0,182000.0,Diesel,Manuelle,5.0
29000.0,Fiat,Grande Punto,2016.0,9.0,131440.0,Essence,Manuelle,4.0
18000.0,Fiat,Doblo Cargo,2013.0,12.0,400.0,Diesel,Manuelle,5.0
31000.0,Fiat,Fiorino,2019.0,6.0,89000.0,Diesel,Manuelle,5.0
30000.0,Fiat,500,2012.0,13.0,202.0,Essence,Manuelle,4.0
14500.0,Fiat,Punto,1998.0,27.0,0.0,Essence,Manuelle,4.0
14500.0,Fiat,Punto,1997.0,28.0,0.0,Essence,Manuelle,5.0
17500.0,Fiat,Doblo Cargo,2016.0,9.0,334.0,Diesel,Manuelle,5.0
24500.0,Fiat,Grande Punto,2012.0,13.0,276.0,Essence,Manuelle,5.0
47000.0,Fiat,500,2022.0,3.0,70000.0,Essence,Manuelle,4.0
44500.0,Fiat,Tipo,2020.0,5.0,101500.0,Essence,Manuelle,5.0
16200.0,Fiat,Palio Weekend,2007.0,18.0,270000.0,Essence,Manuelle,4.0
28800.0,Fiat,Grande Punto,2013.0,12.0,140000.0,Essence,Manuelle,4.0
23000.0,Fiat,Panda,2009.0,16.0,252000.0,Essence,Manuelle,4.0
30000.0,Fiat,500,2012.0,13.0,202000.0,Essence,Manuelle,4.0
17800.0,Fiat,Punto,2008.0,17.0,221.0,Essence,Manuelle,5.0
22000.0,Fiat,Autre,2009.0,16.0,70000.0,Essence,Manuelle,4.0
38000.0,Fiat,Doblo,2021.0,4.0,86480.0,Diesel,Manuelle,5.0
26000.0,Fiat,Fiorino Qubo,2009.0,16.0,25000.0,Diesel,Manuelle,5.0
42000.0,Fiat,Tipo,2020.0,5.0,92000.0,Essence,Manuelle,6.0
40000.0,Fiat,Panda,2020.0,5.0,84000.0,Essence,Automatique,4.0
18500.0,Fiat,Autre,2005.0,20.0,217230.0,Essence,Manuelle,5.0
40000.0,Fiat,Fiorino,2022.0,3.0,32000.0,Diesel,Manuelle,5.0
56000.0,Fiat,500,2020.0,5.0,76000.0,Hybride,Manuelle,4.0
7000.0,Fiat,Uno,1995.0,30.0,260.0,Essence,Manuelle,5.0
17000.0,Fiat,Scudo,2004.0,21.0,0.0,Diesel,Manuelle,7.0
23000.0,Fiat,Punto Evo,2012.0,13.0,180000.0,Essence,Manuelle,4.0
21500.0,Fiat,Grande Punto,2009.0,16.0,202000.0,Essence,Manuelle,5.0
49000.0,Fiat,Doblo,2021.0,4.0,170000.0,Diesel,Manuelle,6.0
21000.0,Fiat,Punto,2005.0,20.0,185000.0,Diesel,Manuelle,5.0
10500.0,Fiat,Punto,1997.0,28.0,200000.0,Essence,Manuelle,4.0
33000.0,Fiat,Fiorino,2021.0,4.0,180000.0,Diesel,Manuelle,5.0
31500.0,Fiat,Punto Evo,2015.0,10.0,136000.0,Essence,Manuelle,4.0
13800.0,Fiat,Uno,1995.0,30.0,244000.0,Essence,Manuelle,4.0
25000.0,Fiat,500,2010.0,15.0,201000.0,Essence,Manuelle,4.0
20000.0,Fiat,Doblo,2016.0,9.0,243.0,Diesel,Manuelle,5.0
26000.0,Fiat,Fiorino,2009.0,16.0,250000.0,Diesel,Manuelle,5.0
12000.0,Fiat,Palio Weekend,2010.0,15.0,350000.0,Essence,Manuelle,5.0
14500.0,Fiat,Ducato,1998.0,27.0,470.0,Diesel,Manuelle,9.0
33500.0,Fiat,Doblo Cargo,2021.0,4.0,121000.0,Diesel,Manuelle,5.0
38000.0,Fiat,500,2018.0,7.0,112000.0,Essence,Automatique,4.0
41900.0,Fiat,Doblo,2024.0,1.0,70000.0,Diesel,Manuelle,5.0
12000.0,Fiat,Palio Weekend,2010.0,15.0,350000.0,Essence,Manuelle,5.0
44000.0,Fiat,Panda,2021.0,4.0,52.0,Essence,Manuelle,5.0
24000.0,Fiat,Grande Punto,2012.0,13.0,230.0,Essence,Manuelle,4.0
14000.0,Fiat,Autre,2006.0,19.0,200000.0,Essence,Manuelle,5.0
33500.0,Fiat,Doblo,2022.0,3.0,150000.0,Diesel,Manuelle,5.0
31000.0,Fiat,Panda,2017.0,8.0,135000.0,Essence,Manuelle,4.0
34000.0,Fiat,Panda,2020.0,5.0,68000.0,Essence,Manuelle,4.0
18000.0,Fiat,Punto,2007.0,18.0,250.0,Essence,Manuelle,5.0
27000.0,Fiat,Grande Punto,2013.0,12.0,154000.0,Essence,Manuelle,4.0
23000.0,Fiat,Grande Punto,2011.0,14.0,200.0,Essence,Manuelle,5.0
18700.0,Fiat,Bravo Ii,2009.0,16.0,470.0,Diesel,Manuelle,5.0
48500.0,Fiat,500,2020.0,5.0,65.0,Essence,Manuelle,4.0
19000.0,Fiat,Doblo,2013.0,12.0,120000.0,Diesel,Manuelle,5.0
15000.0,Fiat,Doblo,2015.0,10.0,197000.0,Diesel,Manuelle,4.0
1234.0,Fiat,500,2021.0,4.0,18000.0,Essence,Manuelle,4.0
19000.0,Fiat,Doblo Cargo,2015.0,10.0,251000.0,Diesel,Manuelle,5.0
44000.0,Fiat,Ducato,2016.0,9.0,177000.0,Diesel,Manuelle,8.0
27000.0,Fiat,Punto Evo,2013.0,12.0,207000.0,Essence,Manuelle,4.0
47000.0,Fiat,Doblo,2020.0,5.0,83000.0,Essence,Manuelle,6.0
36000.0,Fiat,Fiorino,2021.0,4.0,78450.0,Diesel,Manuelle,5.0
16500.0,Fiat,Autre,2007.0,18.0,250.0,Essence,Manuelle,5.0
10500.0,Fiat,Palio Weekend,2005.0,20.0,216000.0,Essence,Manuelle,5.0
16000.0,Fiat,Palio Weekend,2001.0,24.0,258000.0,Essence,Manuelle,4.0
39000.0,Fiat,Fiorino,2022.0,3.0,59000.0,Diesel,Manuelle,5.0
16500.0,Fiat,Autre,2007.0,18.0,210.0,Essence,Manuelle,5.0
52000.0,Kia,Rio,2021.0,4.0,100000.0,Essence,Manuelle,5.0
22500.0,BMW,520,2003.0,22.0,300.0,Essence,Automatique,11.0
38000.0,VW,Jetta,2011.0,14.0,18000.0,Essence,Manuelle,7.0
40000.0,Renault,Clio,2020.0,5.0,91000.0,Essence,Manuelle,5.0
36000.0,Suzuki,Swift,2019.0,6.0,151000.0,Essence,Manuelle,5.0
45000.0,VW,Golf 6,2012.0,13.0,209000.0,Essence,Manuelle,5.0
29000.0,Mitsubishi,Lancer,2010.0,15.0,216000.0,Essence,Automatique,9.0
30500.0,Peugeot,208,2018.0,7.0,80000.0,Essence,Manuelle,5.0
37800.0,Kia,Picanto,2018.0,7.0,117000.0,Essence,Manuelle,4.0
32500.0,Suzuki,S-Presso,2023.0,2.0,46000.0,Essence,Manuelle,5.0
23000.0,Peugeot,107,2011.0,14.0,270.0,Essence,Manuelle,4.0
35000.0,Renault,Autres,2016.0,9.0,141000.0,Essence,Manuelle,4.0
32000.0,VW,Caddy,2013.0,12.0,200000.0,Essence,Manuelle,7.0
28000.0,Chery,A3,2017.0,8.0,181000.0,Essence,Manuelle,5.0
42000.0,Renault,Clio,2023.0,2.0,65241.0,Essence,Manuelle,5.0
9000.0,Renault,Kangoo,2001.0,24.0,345000.0,Diesel,Manuelle,7.0
13000.0,Audi,80,1992.0,33.0,200.0,Essence,Manuelle,7.0
30000.0,Citroen,C5,2011.0,14.0,290000.0,Diesel,Manuelle,6.0
34000.0,Hyundai,I20,2017.0,8.0,266.0,Essence,Manuelle,5.0
13500.0,Fiat,Punto,2016.0,9.0,150000.0,GPL,Manuelle,4.0
22500.0,Dacia,Dokker,2014.0,11.0,250000.0,Diesel,Manuelle,6.0
30500.0,Peugeot,208,2018.0,7.0,80000.0,Essence,Manuelle,5.0
57000.0,Citroen,Jumpy,2020.0,5.0,120000.0,Diesel,Manuelle,6.0
20000.0,VW,Passat,2007.0,18.0,220000.0,Essence,Automatique,12.0
39500.0,Skoda,Fabia,2022.0,3.0,100000.0,Essence,Manuelle,5.0
35000.0,VW,Passat,2010.0,15.0,200000.0,Essence,Manuelle,6.0
36000.0,Citroen,C3,2018.0,7.0,94000.0,Essence,Manuelle,4.0
26500.0,Ford,Ka,2015.0,10.0,221000.0,Essence,Manuelle,4.0
75000.0,Peugeot,3008,2018.0,7.0,179000.0,Diesel,Automatique,6.0
80000.0,MG,Mg Rx8,2022.0,3.0,130000.0,Essence,Automatique,9.0
2000.0,Kia,Sportage,2009.0,16.0,0.0,Diesel,Automatique,4.0
36000.0,Hyundai,Veloster,2013.0,12.0,188000.0,Essence,Automatique,8.0
38500.0,Suzuki,Celerio,2023.0,2.0,35400.0,Essence,Manuelle,4.0
138000.0,Toyota,Rav4,2023.0,2.0,58800.0,Hybride,Automatique,9.0
122000.0,Mercedes-Benz,Classe C,2018.0,7.0,186000.0,Diesel,Automatique,6.0
72000.0,VW,Golf 7,2017.0,8.0,116000.0,Essence,Manuelle,6.0
75000.0,Dacia,Autre,2022.0,3.0,80000.0,Essence,Manuelle,5.0
65000.0,Toyota,Autres,2021.0,4.0,154000.0,Diesel,Manuelle,4.0
25500.0,Peugeot,208,2016.0,9.0,160000.0,Essence,Manuelle,5.0
40000.0,Dacia,Duster,2015.0,10.0,78000.0,Essence,Automatique,9.0
26000.0,Peugeot,508,2011.0,14.0,0.0,Diesel,Automatique,6.0
13000.0,Fiat,Punto,1996.0,29.0,0.0,Essence,Manuelle,4.0
29000.0,Hyundai,I10,2017.0,8.0,94000.0,Essence,Manuelle,4.0
149000.0,Mercedes-Benz,Glc,2015.0,10.0,37000.0,Diesel,Automatique,9.0
25500.0,Mini,Autre,2006.0,19.0,200000.0,Essence,Manuelle,7.0
9000.0,Peugeot,207,2011.0,14.0,103000.0,Diesel,Manuelle,5.0
105000.0,Mercedes-Benz,Classe A,2019.0,6.0,69600.0,Essence,Manuelle,7.0
43800.0,Seat,Ibiza,2020.0,5.0,118000.0,Essence,Manuelle,5.0
38000.0,Toyota,Yaris,2015.0,10.0,174000.0,Essence,Manuelle,5.0
32000.0,Citroen,Berlingo,2012.0,13.0,267.0,Diesel,Manuelle,5.0
25000.0,Peugeot,308,2009.0,16.0,203000.0,Essence,Manuelle,6.0
27000.0,Mahindra,Kuv 100,2019.0,6.0,130000.0,Essence,Manuelle,5.0
33500.0,Renault,Clio,2023.0,2.0,43000.0,Essence,Automatique,4.0
13000.0,Dacia,Logan,2011.0,14.0,300000.0,Diesel,Manuelle,5.0
40000.0,VW,Polo,2019.0,6.0,198000.0,Essence,Manuelle,4.0
37000.0,Fiat,Panda,2022.0,3.0,130000.0,Essence,Manuelle,4.0
31000.0,Fiat,Fiorino,2022.0,3.0,190000.0,Diesel,Manuelle,5.0
26500.0,Peugeot,308,2008.0,17.0,195000.0,Essence,Automatique,5.0
62000.0,VW,Polo,2024.0,1.0,20000.0,Essence,Manuelle,6.0
30000.0,Mahindra,Kuv 100,2022.0,3.0,51000.0,Essence,Manuelle,4.0
84000.0,Kia,Autre,2020.0,5.0,71000.0,Essence,Automatique,8.0
50000.0,Chery,Tiggo,2019.0,6.0,160000.0,Essence,Manuelle,8.0
27000.0,Mercedes-Benz,Classe C,2010.0,15.0,140000.0,Diesel,Manuelle,8.0
30000.0,Citroen,C1,2018.0,7.0,90000.0,Essence,Manuelle,4.0
52000.0,MG,Mg Rx8,2018.0,7.0,117000.0,Essence,Automatique,9.0
24000.0,Citroen,Jumpy,2010.0,15.0,314000.0,Diesel,Manuelle,7.0
17500.0,Ford,Focus,2004.0,21.0,17500.0,Essence,Manuelle,6.0
58000.0,Mercedes-Benz,Classe A,2016.0,9.0,120000.0,Essence,Automatique,6.0
26000.0,Renault,Megane,2009.0,16.0,203000.0,Diesel,Manuelle,5.0
27000.0,Ford,Fiesta,2014.0,11.0,220000.0,Essence,Manuelle,5.0
30000.0,Peugeot,208,2015.0,10.0,113000.0,Essence,Manuelle,5.0
41500.0,Renault,Clio,2019.0,6.0,189000.0,Essence,Manuelle,5.0
23000.0,Fiat,Grande Punto,2009.0,16.0,310000.0,Essence,Manuelle,5.0
85000.0,Land Rover,Evoque,2013.0,12.0,165000.0,Essence,Automatique,11.0
23000.0,Audi,A4,2003.0,22.0,127000.0,Essence,Manuelle,7.0
38000.0,Ford,Ecosport,2020.0,5.0,233000.0,Essence,Automatique,6.0
35500.0,Hyundai,I10,2023.0,2.0,92.0,Essence,Manuelle,5.0
38000.0,Kia,Rio,2017.0,8.0,153000.0,Essence,Manuelle,5.0
39500.0,Kia,Rio,2017.0,8.0,220000.0,Essence,Manuelle,5.0
72000.0,Chery,Tiggo,2022.0,3.0,79000.0,Essence,Automatique,9.0
19000.0,Fiat,Autre,2015.0,10.0,270.0,Essence,Manuelle,5.0
22000.0,Chevrolet,Aveo,2008.0,17.0,159000.0,Essence,Manuelle,5.0
43000.0,VW,Polo,2018.0,7.0,144000.0,Essence,Manuelle,4.0
43000.0,VW,Passat,2008.0,17.0,128000.0,Essence,Manuelle,7.0
13000.0,Peugeot,Expert,2001.0,24.0,99999.0,Diesel,Manuelle,7.0
34500.0,Kia,Picanto,2020.0,5.0,98000.0,Essence,Manuelle,4.0
24800.0,Peugeot,Autres,2019.0,6.0,146000.0,Inconnu,Manuelle,5.0
89000.0,Mercedes-Benz,Classe C,2015.0,10.0,245000.0,Essence,Automatique,
39500.0,Renault,Clio,2020.0,5.0,90000.0,Essence,Manuelle,5.0
40000.0,Chevrolet,Aveo,2022.0,3.0,88000.0,Essence,Automatique,6.0
43000.0,VW,Golf 7,2015.0,10.0,1000.0,Essence,Manuelle,6.0
37000.0,Mazda,Bt 50,2008.0,17.0,352000.0,Diesel,Manuelle,10.0
58000.0,MG,Mg Rx8,2020.0,5.0,117000.0,Essence,Automatique,7.0
35000.0,Renault,Clio,2013.0,12.0,160500.0,Essence,,
29500.0,Hyundai,I20,2015.0,10.0,230000.0,Essence,Manuelle,4.0
119000.0,Audi,Q5,2014.0,11.0,32000.0,Diesel,Manuelle,8.0
18000.0,Citroen,C3,2010.0,15.0,18000.0,Essence,Manuelle,5.0
11000.0,Peugeot,206,1998.0,27.0,280.0,Essence,Manuelle,4.0
43000.0,BMW,Serie 1 Ii,2012.0,13.0,168000.0,Essence,Manuelle,7.0
25500.0,Ford,Fiesta,2014.0,11.0,122000.0,Essence,Manuelle,5.0
98000.0,BMW,Serie 1 Ii,2021.0,4.0,68000.0,Diesel,Manuelle,6.0
49500.0,Kia,Rio,2022.0,3.0,81000.0,Essence,Manuelle,5.0
19000.0,Fiat,Autre,2000.0,25.0,270.0,Essence,Manuelle,5.0
30500.0,Peugeot,208,2018.0,7.0,80000.0,Essence,Manuelle,5.0
57000.0,Citroen,Jumpy,2020.0,5.0,120000.0,Diesel,Manuelle,6.0
14500.0,Peugeot,Boxer,2007.0,18.0,14500.0,Diesel,Manuelle,7.0
25500.0,Ford,Fiesta,2014.0,11.0,121000.0,Essence,Manuelle,5.0
39000.0,Hyundai,I10,2022.0,3.0,13733.0,Essence,Manuelle,4.0
24300.0,VW,Polo,2009.0,16.0,227000.0,Essence,Manuelle,4.0
18500.0,Ford,Focus,2006.0,19.0,290.0,Essence,Manuelle,6.0
56000.0,MG,Mg Rx8,2020.0,5.0,80000.0,Essence,Manuelle,7.0
32500.0,Hyundai,I20,2015.0,10.0,230000.0,Essence,Manuelle,4.0
13500.0,VW,Polo,1997.0,28.0,444.0,Essence,Manuelle,4.0
24000.0,Citroen,Autre,2017.0,8.0,129000.0,Essence,Automatique,5.0
9800.0,Fiat,Tipo,2000.0,25.0,300000.0,Essence,Manuelle,4.0
25000.0,Ford,Fiesta,2012.0,13.0,218000.0,Essence,Manuelle,5.0
45000.0,BMW,316,2012.0,13.0,179000.0,Essence,Automatique,7.0
22000.0,Citroen,C3,2004.0,21.0,199000.0,Essence,Manuelle,4.0
23500.0,Peugeot,208,2017.0,8.0,113000.0,Essence,Manuelle,5.0
18000.0,Chevrolet,Autre,2007.0,18.0,297000.0,Essence,Manuelle,6.0
44500.0,Opel,Astra,2019.0,6.0,132314.0,Diesel,Manuelle,7.0
73000.0,Peugeot,3008,2021.0,4.0,220000.0,Essence,Automatique,7.0
9000.0,Ford,Fiesta,1993.0,32.0,0.0,Essence,Manuelle,5.0
79000.0,Mercedes-Benz,Classe E,2011.0,14.0,120000.0,Diesel,Automatique,14.0
24000.0,Fiat,Grande Punto,2010.0,15.0,291.0,Essence,Manuelle,5.0
18000.0,Peugeot,307,2003.0,22.0,430000.0,Diesel,Manuelle,8.0
23500.0,Peugeot,407,2009.0,16.0,400000.0,Diesel,Manuelle,6.0
18000.0,Renault,Megane,2005.0,20.0,290000.0,Diesel,Manuelle,7.0
24500.0,Mahindra,Kuv 100,2018.0,7.0,93000.0,Essence,Manuelle,5.0
38500.0,Kia,Cerato,2013.0,12.0,286000.0,Essence,Automatique,7.0
48500.0,Hyundai,I10,2024.0,1.0,60456.0,Essence,Manuelle,5.0
24000.0,Fiat,Grande Punto,2010.0,15.0,291000.0,Essence,Manuelle,5.0
260000.0,Porsche,Macan,2020.0,5.0,80000.0,Essence,Automatique,
125000.0,Kia,Sportage,2019.0,6.0,100.0,Essence,Automatique,10.0
41000.0,Mazda,Mazda6,2015.0,10.0,190000.0,Essence,Automatique,9.0
45000.0,Peugeot,2008,2017.0,8.0,32500.0,Essence,Manuelle,5.0
67000.0,Toyota,Rav4,2014.0,11.0,170000.0,Essence,Automatique,9.0
38500.0,Ssangyong,Actyon,2014.0,11.0,260000.0,Diesel,Manuelle,7.0
30000.0,Geely,Mk-Gl,2019.0,6.0,74000.0,Essence,Manuelle,6.0
41000.0,Kia,Rio,2015.0,10.0,117000.0,Essence,Manuelle,5.0
37000.0,Hyundai,I10,2021.0,4.0,107000.0,Essence,Manuelle,4.0
120000.0,Seat,Ateca,2024.0,1.0,41000.0,Essence,Automatique,8.0
51000.0,Nissan,Qashqai,2016.0,9.0,290000.0,Diesel,Manuelle,5.0
36000.0,Dacia,Sandero,2015.0,10.0,190000.0,Essence,Manuelle,5.0
39000.0,Peugeot,2008,2015.0,10.0,195000.0,Essence,Manuelle,5.0
17800.0,Peugeot,206,2003.0,22.0,200000.0,Essence,Manuelle,4.0
99000.0,VW,Tiguan,2017.0,8.0,88500.0,Essence,Automatique,8.0
120000.0,Mercedes-Benz,Classe A,2019.0,6.0,56000.0,Essence,Automatique,8.0
39500.0,Kia,Picanto,2022.0,3.0,74000.0,Essence,Manuelle,4.0
37500.0,Volvo,S80,2012.0,13.0,353215.0,Diesel,Automatique,9.0
